design_id,lag_set,J_dev_real_width,J_dev_recomputed,J_retro_real_width,retro_real_identified_fraction,retro_imag_width,retro_imag_identified_fraction,valid_case_fraction,failure_fraction,H0_direct_count,H1_mean_nearest_distance,H2_max_nearest_distance,H3_max_lag,selected_by_audit,selected_by_H1,selected_by_H2,dev_rank,retro_rank
D01,"1,2,3,5,8,13,21,34",1.2078123644858016,1.2078123644858016,1.2505923262559533,0.06770833333333333,1.2310025464695482,0.0,1.0,0.0,0,1.5,2,34,True,True,True,1,1
D02,"1,2,3,5,8,13,21,55",1.2112516177215578,1.2112516177215575,1.2537826090838793,0.06770833333333333,1.235355143430524,0.0,1.0,0.0,0,1.5,2,55,False,False,False,2,2
D03,"1,2,3,5,8,13,21,89",1.212831208971639,1.2128312089716395,1.2552809384078956,0.06770833333333333,1.2362481940156622,0.0,1.0,0.0,0,1.5,2,89,False,False,False,3,3
D04,"1,2,3,5,8,13,34,55",1.251150342342228,1.251150342342228,1.2885286528232305,0.06510416666666667,1.270651716761022,0.0,1.0,0.0,0,1.5,2,55,False,False,False,4,4
D05,"1,2,3,5,8,13,34,89",1.254343812778855,1.2543438127788553,1.2923823632799254,0.06510416666666667,1.2738758679022728,0.0,1.0,0.0,0,1.5,2,89,False,False,False,6,6
D06,"1,2,3,5,8,13,55,89",1.2534391855692255,1.253439185569225,1.2906302978117987,0.06510416666666667,1.2716681901003142,0.0,1.0,0.0,0,1.5,2,89,False,False,False,5,5
D07,"1,2,3,5,8,21,34,55",1.2871353490817152,1.2871353490817152,1.3222485703520934,0.06510416666666667,1.3071772093327803,0.0,1.0,0.0,0,1.5,2,55,False,False,False,10,10
D08,"1,2,3,5,8,21,34,89",1.2903671026933734,1.2903671026933734,1.3255452866791113,0.06510416666666667,1.3096034654441329,0.0,1.0,0.0,0,1.5,2,89,False,False,False,12,12
D09,"1,2,3,5,8,21,55,89",1.288452704032882,1.2884527040328821,1.3236292015720086,0.06510416666666667,1.3079181219038587,0.0,1.0,0.0,0,1.5,2,89,False,False,False,11,11
D10,"1,2,3,5,8,34,55,89",1.3393707190421118,1.3393707190421118,1.3706782366694663,0.06510416666666667,1.3536436696944427,0.0,1.0,0.0,0,1.5,2,89,False,False,False,17,18
D11,"1,2,3,5,13,21,34,55",1.3562225625246247,1.356222562524625,1.3932301938573615,0.059895833333333336,1.370749219249273,0.0,1.0,0.0,0,2.0,3,55,False,False,False,23,23
D12,"1,2,3,5,13,21,34,89",1.3583263472672908,1.3583263472672908,1.395666047459997,0.059895833333333336,1.373058452987517,0.0,1.0,0.0,0,2.0,3,89,False,False,False,24,24
D13,"1,2,3,5,13,21,55,89",1.3606357289853237,1.3606357289853235,1.397255947961374,0.057291666666666664,1.3740996323079855,0.0,1.0,0.0,0,2.0,3,89,False,False,False,25,26
D14,"1,2,3,5,13,34,55,89",1.386141674208347,1.3861416742083472,1.4181233517637581,0.057291666666666664,1.395026175289897,0.0,1.0,0.0,0,2.0,3,89,False,False,False,28,28
D15,"1,2,3,5,21,34,55,89",1.412076662459463,1.412076662459463,1.445512423293682,0.057291666666666664,1.4282017710728931,0.0,1.0,0.0,0,3.0,5,89,False,False,False,30,30
D16,"1,2,3,8,13,21,34,55",1.3501120798379975,1.3501120798379977,1.3802730129642675,0.044270833333333336,1.3788066116574067,0.0,1.0,0.0,0,1.5,2,55,False,False,False,19,19
D17,"1,2,3,8,13,21,34,89",1.3509955632176671,1.3509955632176673,1.3812292792015928,0.044270833333333336,1.3792728337957432,0.0,1.0,0.0,0,1.5,2,89,False,False,False,20,20
D18,"1,2,3,8,13,21,55,89",1.3544193557660846,1.3544193557660846,1.3849198406725585,0.044270833333333336,1.3840656730238396,0.0,1.0,0.0,0,1.5,2,89,False,False,False,22,21
D19,"1,2,3,8,13,34,55,89",1.3987109557517272,1.3987109557517272,1.4243159111595496,0.044270833333333336,1.4236305511742495,0.0,1.0,0.0,0,1.5,2,89,False,False,False,29,29
D20,"1,2,3,8,21,34,55,89",1.4283844258070797,1.42838442580708,1.4480624023524342,0.044270833333333336,1.4497487629863708,0.0,1.0,0.0,0,1.5,2,89,False,False,False,31,31
D21,"1,2,3,13,21,34,55,89",1.5719768422635756,1.5719768422635756,1.595485485709865,0.033854166666666664,1.5844417723308357,0.0,1.0,0.0,0,2.0,3,89,False,False,False,43,43
D22,"1,2,5,8,13,21,34,55",1.302892465626356,1.3028924656263559,1.341725697990834,0.052083333333333336,1.336304068580868,0.0,1.0,0.0,0,1.5,2,55,False,False,False,13,14
D23,"1,2,5,8,13,21,34,89",1.3039013786898677,1.3039013786898677,1.343233238031156,0.052083333333333336,1.3367797605527203,0.0,1.0,0.0,0,1.5,2,89,False,False,False,14,15
D24,"1,2,5,8,13,21,55,89",1.3068704896286147,1.3068704896286147,1.3447437134529012,0.052083333333333336,1.3399380476118947,0.0,1.0,0.0,0,1.5,2,89,False,False,False,15,16
D25,"1,2,5,8,13,34,55,89",1.3627049005685892,1.3627049005685894,1.3958313951606582,0.052083333333333336,1.3911897948676846,0.0,1.0,0.0,0,1.5,2,89,False,False,False,26,25
D26,"1,2,5,8,21,34,55,89",1.354176459948477,1.3541764599484767,1.3890110340867239,0.049479166666666664,1.3895529510034474,0.0,1.0,0.0,0,1.5,2,89,False,False,False,21,22
D27,"1,2,5,13,21,34,55,89",1.4825000449168737,1.4825000449168737,1.5170301771980206,0.046875,1.5091488314866897,0.0,1.0,0.0,0,2.0,3,89,False,False,False,36,40
D28,"1,2,8,13,21,34,55,89",1.4425538268027087,1.4425538268027087,1.4660996584050714,0.03125,1.4716682410301727,0.0,1.0,0.0,0,2.0,2,89,False,False,False,32,33
D29,"1,3,5,8,13,21,34,55",1.2748242322137195,1.2748242322137195,1.3010352740293094,0.06510416666666667,1.2895507541890898,0.0,1.0,0.0,0,1.5,2,55,False,False,False,7,7
D30,"1,3,5,8,13,21,34,89",1.2767406859256396,1.2767406859256398,1.3036030805425316,0.06510416666666667,1.291498175170054,0.0,1.0,0.0,0,1.5,2,89,False,False,False,8,8
D31,"1,3,5,8,13,21,55,89",1.2795790644184035,1.2795790644184037,1.3045307252239353,0.06510416666666667,1.2934957714321162,0.0,1.0,0.0,0,1.5,2,89,False,False,False,9,9
D32,"1,3,5,8,13,34,55,89",1.3205845559525553,1.3205845559525553,1.3410121415044454,0.06510416666666667,1.3304008529850375,0.0,1.0,0.0,0,1.5,2,89,False,False,False,16,13
D33,"1,3,5,8,21,34,55,89",1.348193786319136,1.348193786319136,1.3705551492097687,0.06510416666666667,1.3622186172630855,0.0,1.0,0.0,0,1.5,2,89,False,False,False,18,17
D34,"1,3,5,13,21,34,55,89",1.3645480583768852,1.364548058376885,1.400839654498868,0.057291666666666664,1.3784023763330542,0.0,1.0,0.0,0,2.0,3,89,False,False,False,27,27
D35,"1,3,8,13,21,34,55,89",1.445469633514986,1.445469633514986,1.455947595338052,0.044270833333333336,1.4637501664616694,0.0,1.0,0.0,0,1.5,2,89,False,False,False,33,32
D36,"1,5,8,13,21,34,55,89",1.5134335631196951,1.513433563119695,1.5087422279535432,0.028645833333333332,1.5177403466437205,0.0,1.0,0.0,0,1.5,2,89,False,False,False,40,38
D37,"2,3,5,8,13,21,34,55",1.4741274084265923,1.4741274084265923,1.4873397797250825,0.03125,1.5022833135134792,0.0,1.0,0.0,0,1.5,2,55,False,False,False,34,34
D38,"2,3,5,8,13,21,34,89",1.4789668163810363,1.4789668163810363,1.4926558100397482,0.03125,1.5070418903979519,0.0,1.0,0.0,0,1.5,2,89,False,False,False,35,35
D39,"2,3,5,8,13,21,55,89",1.4854934238547313,1.4854934238547313,1.4962075405255046,0.03125,1.510938409427909,0.0,1.0,0.0,0,1.5,2,89,False,False,False,38,37
D40,"2,3,5,8,13,34,55,89",1.4826727799124595,1.4826727799124595,1.4954347265011723,0.03125,1.5135585774643994,0.0,1.0,0.0,0,1.5,2,89,False,False,False,37,36
D41,"2,3,5,8,21,34,55,89",1.5241035938437784,1.5241035938437784,1.5360204169227352,0.03125,1.5492035539494318,0.0,1.0,0.0,0,1.5,2,89,False,False,False,41,41
D42,"2,3,5,13,21,34,55,89",1.6758362364837387,1.6758362364837387,1.6886651707673632,0.028645833333333332,1.6905805706329762,0.0,1.0,0.0,0,2.0,3,89,False,False,False,45,45
D43,"2,3,8,13,21,34,55,89",1.506956238658451,1.506956238658451,1.5155010048997124,0.03125,1.523673185245869,0.0,1.0,0.0,0,1.5,2,89,False,False,False,39,39
D44,"2,5,8,13,21,34,55,89",1.5274345520723496,1.5274345520723498,1.538950122357126,0.028645833333333332,1.5468153765554096,0.0,1.0,0.0,0,1.5,2,89,False,False,False,42,42
D45,"3,5,8,13,21,34,55,89",1.6312632186716385,1.6312632186716385,1.6279668740416133,0.005208333333333333,1.6107179349135174,0.0,1.0,0.0,0,1.5,2,89,False,False,False,44,44
